sample_id,max_camber_m,camber_pos_p,thickness_t,alpha_deg,mach,reynolds,CL,CD,CM_c4,L_over_D,Cp_min,split
0,0.0537616,0.26768,0.198343,-0.0905575,0.16005,1.07129e+06,0.683827,0.0135179,-0.115313,50.5866,-1.41387,test
1,0.0192821,0.490911,0.178011,5.80553,0.344206,347680,1.07677,0.0166303,-0.083272,64.7474,-2.10756,train
2,0.0340773,0.442124,0.0926348,1.02761,0.16731,554838,0.571027,0.0121362,-0.102921,47.0515,-0.697199,train
3,0.0155042,0.535887,0.097708,1.96354,0.175627,230457,0.461481,0.0145302,-0.0570253,31.7602,-0.817336,train
4,0.0235914,0.537817,0.0624158,3.32608,0.452505,2.69282e+06,0.794802,0.00873809,-0.0936045,90.9584,-2.4154,train
5,0.00785929,0.451063,0.161185,2.9059,0.196618,312177,0.479449,0.0155042,-0.0309335,30.9237,-1.11272,train
6,0.0223077,0.320284,0.129317,1.99521,0.419171,8.79259e+06,0.567121,0.007973,-0.0622137,71.1301,-0.993295,train
7,0.00680538,0.54465,0.176335,5.9826,0.181861,447756,0.868123,0.0153881,-0.0397612,56.4151,-2.05919,test
8,0.0373702,0.457726,0.0954162,-1.21558,0.0795761,1.71559e+06,0.351058,0.00975729,-0.111738,35.979,-0.538311,train
9,0.0427148,0.368662,0.172249,2.71376,0.271624,5.4588e+06,0.940517,0.00975742,-0.123939,96.3899,-1.42208,train
10,0.0195169,0.461521,0.18812,0.265686,0.346347,1.89693e+06,0.33909,0.0116258,-0.0661208,29.1671,-0.895867,train
11,0.0577482,0.330851,0.161451,4.11992,0.423788,547416,1.37427,0.0152302,-0.166643,90.2336,-1.95164,train
12,0.00292404,0.379698,0.178564,-2.19402,0.412495,273640,-0.258658,0.0164147,-0.00275976,-15.7577,-1.02953,train
13,0.0470311,0.279406,0.123885,-1.08682,0.199828,485450,0.435295,0.0131083,-0.103054,33.2076,-0.89445,train
14,0.051709,0.279541,0.0818342,1.37601,0.453417,386763,0.835739,0.0130585,-0.127961,63.9997,-1.18857,train
15,0.0510288,0.590799,0.156641,1.83398,0.207159,915816,1.06928,0.0131076,-0.20703,81.5772,-1.21854,train
16,0.0454029,0.350839,0.19061,0.644928,0.231311,1.99998e+06,0.707376,0.0118546,-0.120661,59.6711,-1.2683,train
17,0.058104,0.590484,0.13051,3.47668,0.0504322,5.33419e+06,1.32897,0.00941175,-0.230365,141.204,-1.52593,train
18,0.0524505,0.398559,0.194863,3.94522,0.254574,402226,1.26803,0.0172574,-0.164201,73.4771,-1.79821,train
19,0.0247003,0.56659,0.139542,-2.83837,0.272773,6.20177e+06,0.037897,0.0084527,-0.0899373,4.48342,-0.924627,train
20,0.0445691,0.296055,0.197687,2.30525,0.187971,2.44741e+06,0.887815,0.0118429,-0.109958,74.9659,-1.5712,train
21,0.0475242,0.493156,0.113269,7.43886,0.284505,1.88393e+06,1.60585,0.0113718,-0.173062,141.213,-3.87975,train
22,0.0286527,0.460392,0.0815051,1.12448,0.174256,9.60379e+06,0.512906,0.00715937,-0.0891838,71.6412,-0.608864,train
23,0.0503314,0.553341,0.195522,-1.12358,0.407937,354188,0.724439,0.016683,-0.199174,43.4237,-1.09683,test
24,0.0253658,0.457289,0.143618,3.57863,0.218438,1.27971e+06,0.807953,0.0116535,-0.0870712,69.3313,-1.31423,train
25,0.012732,0.563609,0.144111,-1.15065,0.152394,2.97341e+06,0.0575598,0.00966184,-0.0455895,5.95744,-0.588497,train
26,0.051216,0.232267,0.179664,3.49497,0.427681,261772,1.17989,0.0179244,-0.121022,65.8261,-2.09737,test
27,0.0573048,0.430463,0.123551,-1.76752,0.461294,213862,0.613456,0.0156494,-0.183581,39.2,-0.924855,train
28,0.00602116,0.522641,0.193201,-1.97469,0.49197,200364,-0.180024,0.0181212,-0.0180861,-9.93448,-1.05664,train
29,0.0489196,0.56896,0.146334,-2.08482,0.202909,3.31893e+06,0.515423,0.00967414,-0.181295,53.2784,-0.739611,train
30,0.00116536,0.405211,0.169613,1.88752,0.426366,4.82158e+06,0.277538,0.00944608,-0.00842189,29.3813,-0.967278,train
31,0.0450533,0.292322,0.0728145,3.61022,0.362071,208239,0.993153,0.0148301,-0.111817,66.9685,-1.26232,train
32,0.0595671,0.532115,0.0869363,4.99682,0.380246,9.11812e+06,1.53136,0.00818813,-0.22717,187.022,-3.01874,train
33,0.0245846,0.237724,0.119629,1.81376,0.163051,4.41308e+06,0.507928,0.00873305,-0.0526017,58.1616,-0.957265,train
34,0.0098797,0.35104,0.105922,-2.57766,0.078447,8.87123e+06,-0.185818,0.00748324,-0.0216461,-24.8312,-1.019,train
35,0.0070022,0.586234,0.0931763,5.95534,0.140802,956466,0.812857,0.0111629,-0.0333775,72.8176,-3.47669,train
36,0.0391085,0.335056,0.0741723,2.28195,0.436514,6.71073e+06,0.800225,0.00765417,-0.107696,104.548,-0.974285,train
37,0.00498843,0.533316,0.153048,4.50982,0.307419,254854,0.661713,0.0160772,-0.0279949,41.1586,-1.63069,train
38,0.0574667,0.284527,0.0696261,4.37773,0.197297,2.65718e+06,1.16946,0.00925204,-0.133413,126.4,-1.49859,train
39,0.0249379,0.410462,0.106879,1.57648,0.48988,247816,0.58169,0.0146669,-0.0825421,39.6601,-0.847475,train
40,0.0206917,0.453542,0.193591,4.8089,0.4638,1.06532e+06,1.02615,0.0138244,-0.0877128,74.228,-1.89424,train
41,0.0159018,0.588221,0.169727,1.79741,0.0649401,966765,0.484998,0.0126771,-0.066495,38.2577,-0.968976,train
42,0.0596517,0.2014,0.18031,-2.92025,0.28857,4.49452e+06,0.367039,0.00983395,-0.105307,37.3236,-1.37731,train
43,0.00337154,0.369531,0.150825,1.32894,0.477257,469271,0.235759,0.0138259,-0.0130761,17.0519,-0.829625,train
44,0.0248992,0.354946,0.109467,4.54383,0.337575,5.5023e+06,0.898935,0.00852334,-0.073927,105.467,-1.71475,train
45,0.0237663,0.452651,0.194595,-2.2582,0.26277,5.11784e+06,0.0613365,0.00989022,-0.0697256,6.20173,-0.913703,train
46,0.0371608,0.435613,0.183302,1.1547,0.429738,502918,0.743495,0.0151152,-0.126451,49.1887,-1.22395,train
47,0.059869,0.273251,0.15833,3.0931,0.472151,6.48053e+06,1.26486,0.00956755,-0.154752,132.203,-2.00772,test
48,0.0136693,0.272332,0.0879984,-3.603,0.0628309,597120,-0.267191,0.0116848,-0.0258369,-22.8666,-1.95643,train
49,0.0571825,0.484304,0.0637697,-1.81076,0.47121,1.29606e+06,0.610414,0.00983309,-0.199458,62.0775,-1.02126,train
50,0.00611161,0.441557,0.19215,0.167102,0.0610252,4.07609e+06,0.10936,0.0102177,-0.0190433,10.703,-0.732874,train
51,0.0283427,0.441457,0.104828,6.7426,0.213472,311019,1.19567,0.0148379,-0.0951891,80.5824,-3.42054,train
52,0.0460112,0.307126,0.101945,3.37289,0.215998,1.33481e+06,0.963286,0.0108313,-0.113638,88.9357,-1.29491,train
53,0.0372518,0.508559,0.174555,1.35976,0.379787,573983,0.787636,0.0144829,-0.140385,54.3838,-1.1636,train
54,0.035338,0.422267,0.198607,-1.64405,0.0618686,1.92532e+06,0.293938,0.0118877,-0.0988245,24.7261,-0.84555,train
55,0.042064,0.478676,0.16172,-1.30793,0.0575773,781840,0.443648,0.0129306,-0.131892,34.31,-0.794947,train
56,0.0153629,0.474108,0.137499,6.59408,0.215894,1.08382e+06,1.03874,0.012159,-0.0618489,85.4293,-2.65188,train
57,0.0331482,0.28817,0.149549,-1.03702,0.222526,510138,0.286961,0.0135855,-0.0737518,21.1226,-0.803954,train
58,0.0118007,0.278917,0.068614,4.59826,0.237908,425988,0.680766,0.0123343,-0.0303615,55.1927,-2.79049,test
59,0.00570952,0.579453,0.0657761,3.73682,0.40754,236068,0.562234,0.0137195,-0.0262325,40.9805,-2.65422,train
60,0.0480124,0.236257,0.138232,-3.35717,0.0680609,380712,0.154483,0.014016,-0.0898397,11.0219,-1.7367,train
61,0.0339573,0.223671,0.13087,6.80712,0.130734,1.29475e+06,1.22384,0.0118854,-0.0787973,102.97,-2.17871,train
62,0.0196174,0.558348,0.113156,3.41105,0.482226,624493,0.799078,0.0125505,-0.0868317,63.6691,-1.53007,train
63,0.0528932,0.528815,0.114495,3.4043,0.240891,480673,1.20187,0.013859,-0.193041,86.7209,-1.40652,test
64,0.0590037,0.349084,0.0997918,2.80092,0.174752,845251,1.05954,0.0118746,-0.153568,89.2277,-1.30648,train
65,0.0439203,0.437983,0.0629654,1.07506,0.406447,2.27567e+06,0.736687,0.00896237,-0.139704,82.1977,-0.745501,train
66,0.0301444,0.20263,0.121038,-2.37804,0.180553,361959,0.0564112,0.0136688,-0.0528058,4.12702,-1.28388,test
67,0.0568954,0.417987,0.0946918,4.91656,0.462829,369322,1.46387,0.0146173,-0.188879,100.146,-2.13461,train
68,0.0261745,0.430774,0.0691677,-1.44704,0.259649,1.77761e+06,0.166947,0.00918797,-0.0762658,18.1701,-0.730044,train
69,0.0286252,0.51947,0.072087,-1.37321,0.256661,213049,0.242335,0.0139649,-0.0973788,17.3531,-0.539479,train
70,0.0307437,0.510034,0.138028,5.11781,0.474808,927332,1.21149,0.0128062,-0.128475,94.6017,-2.15892,train
71,0.0151941,0.573295,0.115527,3.26792,0.232356,4.11675e+06,0.639918,0.00884551,-0.0631358,72.3439,-1.30312,train
72,0.0561532,0.389403,0.113418,-2.90829,0.122782,8.32042e+06,0.364751,0.00771408,-0.147373,47.2838,-1.32123,train
73,0.0424528,0.353455,0.160239,2.77008,0.339501,1.27539e+06,0.948884,0.0122533,-0.121912,77.4389,-1.41946,train
74,0.0162078,0.302634,0.132761,0.138572,0.434276,9.77901e+06,0.237842,0.00776845,-0.041647,30.6165,-0.699198,train
75,0.00450528,0.221741,0.14711,5.943,0.145952,6.29388e+06,0.788123,0.0088833,-0.0202482,88.7196,-2.1168,train
76,0.0239997,0.258302,0.190304,0.864935,0.158453,706661,0.417934,0.01408,-0.0529189,29.6828,-1.08264,test
77,0.0112256,0.571587,0.10343,-1.80827,0.147729,1.98331e+06,-0.0456727,0.00958037,-0.0397321,-4.76732,-0.6623,train
78,0.0373327,0.4848,0.113694,2.84774,0.24627,1.04457e+06,0.881674,0.0114866,-0.127399,76.7565,-1.12061,test
79,0.019724,0.396752,0.177803,-0.116988,0.160477,1.69859e+06,0.258332,0.0115323,-0.0553271,22.4008,-0.781244,train
80,0.00774318,0.259651,0.120581,-3.0969,0.364672,3.80965e+06,-0.30206,0.00888143,-0.0125652,-34.0103,-1.27117,train
81,0.0166419,0.289418,0.0929225,-1.979,0.41681,9.05473e+06,-0.044607,0.00726654,-0.0384374,-6.13869,-1.03218,train
82,0.0224207,0.380355,0.167033,-3.52156,0.352946,4.99876e+06,-0.148498,0.00930367,-0.0560647,-15.9612,-1.28299,train
83,0.00259396,0.447753,0.0621002,3.13677,0.334882,689216,0.41667,0.0109069,-0.0104917,38.2024,-2.01038,test
84,0.00768782,0.560704,0.152479,6.06327,0.373035,2.83315e+06,0.930761,0.0104292,-0.0436886,89.2461,-2.37469,test
85,0.0489805,0.598207,0.125038,4.07487,0.277844,2.41016e+06,1.31224,0.0106402,-0.206288,123.329,-1.83861,train
86,0.0266038,0.544032,0.106947,-2.13808,0.247906,1.47802e+06,0.138925,0.0101776,-0.0938298,13.65,-0.732159,train
87,0.0272435,0.523917,0.0837055,-3.67167,0.10753,393516,-0.0486969,0.0125344,-0.0885375,-3.88505,-1.72324,train
88,0.0575566,0.574576,0.13529,6.43862,0.381446,6.14614e+06,1.79706,0.0100181,-0.24756,179.381,-3.06472,train
89,0.0255608,0.247326,0.104536,0.247117,0.0635664,3.47585e+06,0.321297,0.00875727,-0.0526505,36.6892,-0.693418,train
90,0.00206684,0.580578,0.0625196,6.95217,0.198727,248956,0.842577,0.0138009,-0.0128718,61.0523,-7.97407,train
91,0.00581229,0.479742,0.0785685,2.33966,0.143805,2.66077e+06,0.352782,0.00875388,-0.0205409,40.3001,-0.996618,test
92,0.000943531,0.409258,0.196329,7.05988,0.279685,1.60647e+06,0.945522,0.0127965,-0.0231379,73.8889,-2.41063,train
93,0.0350463,0.519523,0.198139,-1.39881,0.37834,5.08672e+06,0.395286,0.0100825,-0.127462,39.2052,-0.900494,train
94,0.0385851,0.54947,0.0961955,-2.01563,0.444493,254116,0.360099,0.0141278,-0.149445,25.4887,-0.706091,train
95,0.0525628,0.465691,0.139204,-0.243834,0.420615,8.39148e+06,0.770583,0.00832542,-0.179179,92.5578,-1.02487,train
96,0.0267556,0.261313,0.0933464,4.28611,0.342511,1.19053e+06,0.858579,0.0107685,-0.0654402,79.7308,-1.49403,train
97,0.00313782,0.347427,0.109914,4.33426,0.221604,4.91949e+06,0.568256,0.00845006,-0.0139933,67.2487,-1.75286,train
98,0.0278601,0.244621,0.128861,7.3339,0.197481,773067,1.23186,0.0130493,-0.0709958,94.4001,-2.65216,train
99,0.00623201,0.453381,0.111345,1.94548,0.224427,1.67744e+06,0.323677,0.0100815,-0.0220648,32.1059,-0.781435,train
100,0.0388646,0.218158,0.115849,-1.92413,0.343932,2.10362e+06,0.22401,0.00973351,-0.0761457,23.0143,-1.28921,train
101,0.0225537,0.412972,0.0771938,1.52281,0.487159,4.69891e+06,0.524124,0.00799307,-0.0735767,65.5723,-0.687644,test
102,0.05162,0.494643,0.125225,-1.38648,0.425208,2.6143e+06,0.616932,0.00972812,-0.182298,63.4173,-0.838636,train
103,0.0383467,0.470147,0.118419,6.83988,0.0928568,8.61863e+06,1.34414,0.00851539,-0.131342,157.849,-3.03917,train
104,0.0119079,0.301968,0.132411,0.971343,0.330168,3.5395e+06,0.278265,0.00919707,-0.030718,30.2559,-0.722843,train
105,0.0101408,0.421436,0.121631,4.55109,0.29103,2.79814e+06,0.710195,0.00961602,-0.0376801,73.8554,-1.76413,test
106,0.0143319,0.337886,0.101314,1.67124,0.0910864,4.27273e+06,0.372013,0.00842203,-0.0373759,44.1714,-0.679804,train
107,0.0176606,0.481159,0.0957817,3.43547,0.112443,508869,0.647251,0.0124831,-0.0601358,51.8503,-1.39812,train
108,0.0599811,0.278036,0.0869583,4.26082,0.294125,367086,1.2325,0.01395,-0.142091,88.3515,-1.67104,train
109,0.00804174,0.480214,0.098606,-0.385139,0.250044,9.3669e+06,0.0657063,0.00730434,-0.0257248,8.99552,-0.364322,train
110,0.0422189,0.448458,0.164954,-0.152415,0.332502,218842,0.608505,0.0169665,-0.135703,35.8651,-0.987079,train
111,0.0247844,0.282602,0.196877,-2.1016,0.376471,3.89306e+06,0.0566583,0.0104173,-0.0526088,5.43888,-0.928321,train
112,0.00509401,0.449196,0.127939,2.17359,0.292016,295983,0.346676,0.0145334,-0.0197376,23.8538,-0.880168,train
113,0.0289677,0.215232,0.172573,-3.42564,0.183659,9.29178e+06,-0.0792485,0.00850335,-0.047354,-9.31969,-1.28655,test
114,0.0138038,0.536766,0.0744728,-3.40376,0.46715,2.59867e+06,-0.226707,0.00868662,-0.0503183,-26.0984,-1.95614,train
115,0.0432362,0.395309,0.192461,-0.954711,0.395929,245695,0.519266,0.0175765,-0.127748,29.5432,-1.08591,test
116,0.0273726,0.419747,0.162938,6.01005,0.118228,4.61579e+06,1.1246,0.0100385,-0.0936996,112.029,-2.04959,test
117,0.0362352,0.325675,0.14156,4.34007,0.382013,1.4506e+06,1.06039,0.0116504,-0.103825,91.0172,-1.58394,train
118,0.00457792,0.53264,0.108718,0.387096,0.142518,455594,0.113526,0.012759,-0.0165521,8.89766,-0.453244,train
119,0.0175781,0.433499,0.0618989,0.718749,0.301276,512241,0.316647,0.0114989,-0.0534585,27.5371,-0.419562,train
120,0.0443257,0.210367,0.101683,5.06943,0.391593,1.8408e+06,1.18567,0.010492,-0.0982025,113.007,-1.9272,train
121,0.0587532,0.25774,0.11463,-2.95178,0.127894,2.39975e+06,0.327949,0.00952043,-0.119044,34.4469,-2.02408,train
122,0.0259729,0.32892,0.163451,4.87654,0.426271,3.61483e+06,1.03449,0.0103614,-0.0822909,99.8412,-1.78642,train
123,0.00864118,0.20458,0.176046,-2.27132,0.276747,226088,-0.187158,0.0169449,-0.0106743,-11.0451,-0.940673,train
124,0.0458597,0.213184,0.0775081,4.84229,0.188802,2.97474e+06,1.07679,0.00909748,-0.0937736,118.361,-1.66256,train
125,0.0342712,0.465208,0.132462,-2.36117,0.103097,1.52567e+06,0.187944,0.0106401,-0.10268,17.6638,-0.818128,test
126,0.0194046,0.388718,0.0833207,0.356582,0.191881,8.26504e+06,0.285379,0.0072802,-0.0532606,39.1993,-0.477224,train
127,0.024627,0.432646,0.110251,6.3417,0.355838,5.62135e+06,1.15048,0.00875659,-0.0865206,131.384,-3.06837,train
128,0.0512381,0.26451,0.112846,-2.56761,0.448216,5.44008e+06,0.320945,0.00824747,-0.117142,38.9143,-1.81262,train
129,0.00903919,0.55689,0.180925,4.85386,0.309095,475732,0.791391,0.015259,-0.0480613,51.8639,-1.74161,train
130,0.0501565,0.363858,0.175364,-2.72043,0.096246,551995,0.325481,0.0141861,-0.124266,22.9437,-0.960743,train
131,0.0291611,0.358283,0.11622,-0.682695,0.176055,3.56379e+06,0.285085,0.00890289,-0.0745982,32.0216,-0.615065,train
132,0.0187265,0.477081,0.18495,1.66581,0.402122,3.0157e+06,0.530598,0.0107387,-0.0707852,49.4098,-1.10407,train
133,0.0243167,0.404598,0.17178,2.3609,0.134242,9.21453e+06,0.632275,0.00869977,-0.0749483,72.6772,-1.12599,train
134,0.0189612,0.393621,0.195966,-3.96385,0.325429,1.24745e+06,-0.254014,0.0127551,-0.0441146,-19.9147,-1.38748,train
135,0.0394585,0.256839,0.161509,6.47822,0.313588,1.05356e+06,1.34801,0.0133935,-0.102833,100.646,-2.22659,train
136,0.00817083,0.552969,0.0619512,4.05489,0.0822603,2.93614e+06,0.582219,0.00845489,-0.0318099,68.8618,-3.02474,train
137,0.014131,0.31877,0.122989,6.94711,0.171109,337675,1.01965,0.0147797,-0.0452024,68.99,-2.93679,train
138,0.0171388,0.529305,0.0700042,0.214397,0.112101,297243,0.264189,0.0129918,-0.058669,20.3351,-0.369165,train
139,0.0509677,0.334849,0.195385,-2.64362,0.168754,559222,0.34505,0.0148729,-0.119662,23.1999,-0.988412,train
140,0.0343993,0.513809,0.108014,3.14558,0.0583734,378452,0.860916,0.0137998,-0.11988,62.3863,-1.2295,train
141,0.033769,0.495936,0.147714,2.35777,0.119701,3.97703e+06,0.781727,0.00959882,-0.116859,81.4399,-1.08956,train
142,0.00391643,0.575192,0.101194,3.63362,0.204362,2.62502e+06,0.499246,0.00921531,-0.0193945,54.1757,-1.51812,test
143,0.0520489,0.222117,0.0907616,-0.0469535,0.44968,1.1201e+06,0.636767,0.0106323,-0.112277,59.89,-1.15545,train
144,0.0439603,0.22061,0.150788,7.11157,0.253384,292350,1.43518,0.0170285,-0.103339,84.2809,-2.45037,train
145,0.0260461,0.540726,0.122046,-1.35407,0.353536,316928,0.237394,0.014114,-0.0959344,16.8197,-0.544761,train
146,0.0291939,0.550602,0.0922015,2.69469,0.460821,976358,0.833283,0.0111216,-0.120287,74.9249,-1.30605,test
147,0.0511025,0.541022,0.163179,5.48946,0.102827,315251,1.46435,0.0173027,-0.197244,84.6313,-2.06255,train
148,0.0102689,0.326045,0.188563,4.26513,0.370551,454255,0.724638,0.015597,-0.039078,46.4601,-1.58622,test
149,0.0586806,0.284107,0.107886,4.4977,0.312735,2.01198e+06,1.28198,0.0105849,-0.143766,121.114,-1.78391,train
150,0.0116553,0.503159,0.137862,0.464839,0.257243,201530,0.232695,0.0159946,-0.0410049,14.5483,-0.629741,train
151,0.0274269,0.523149,0.127859,5.40635,0.440259,6.35468e+06,1.16909,0.00889798,-0.114987,131.389,-2.38877,train
152,0.0491629,0.386633,0.109804,-3.37531,0.494575,928868,0.248341,0.0111771,-0.145572,22.2187,-1.8146,train
153,0.0358734,0.271992,0.102345,7.6818,0.248926,606421,1.36058,0.0132347,-0.0911978,102.804,-3.46576,train
154,0.0282035,0.506367,0.196595,-0.83711,0.0908909,1.03143e+06,0.326864,0.0132668,-0.0940733,24.6377,-0.824822,train
155,0.0318436,0.294956,0.199694,-3.26454,0.230993,5.74844e+06,-0.00140243,0.00982737,-0.0646799,-0.142707,-1.1555,test
156,0.0522184,0.555773,0.0974429,-1.40572,0.403823,1.00564e+06,0.651617,0.0109943,-0.201382,59.2685,-0.719163,train
157,0.0400114,0.326921,0.136491,-2.44563,0.351315,948018,0.212354,0.0117163,-0.0983468,18.1247,-1.08819,train
158,0.0124636,0.47649,0.0789787,0.779735,0.141142,2.33663e+06,0.25834,0.00893126,-0.0398875,28.9254,-0.447764,test
159,0.00965245,0.428171,0.118992,3.77537,0.39056,211962,0.629695,0.0155596,-0.0365132,40.4699,-1.48295,train
160,0.0107057,0.293601,0.185626,3.3359,0.201905,473773,0.569327,0.0151766,-0.0336138,37.5134,-1.29365,train
161,0.0200023,0.494038,0.16871,7.31395,0.0741078,2.99413e+06,1.20369,0.0110611,-0.0835166,108.822,-2.63005,train
162,0.0464387,0.329384,0.187705,0.568287,0.172173,285664,0.691658,0.0170436,-0.116397,40.5817,-1.26975,train
163,0.0153973,0.469712,0.148951,2.11769,0.33577,1.2263e+06,0.506589,0.0116048,-0.0559457,43.6535,-0.986378,train
164,0.00826317,0.375995,0.112374,-0.32957,0.43285,492095,0.0714768,0.0126476,-0.0236846,5.65141,-0.452439,train
165,0.0541955,0.451733,0.168392,0.679826,0.341549,2.2291e+06,0.90279,0.0112307,-0.177978,80.3855,-1.23951,test
166,0.0513449,0.473079,0.148685,4.57181,0.356425,665307,1.37143,0.0142615,-0.184537,96.163,-1.75784,train
167,0.0172459,0.499168,0.0901274,1.05788,0.0859274,289813,0.361742,0.013598,-0.0573579,26.6025,-0.555173,test
168,0.0463006,0.310857,0.0845123,-3.34856,0.296058,433598,0.151131,0.0123275,-0.108436,12.2597,-2.65074,test
169,0.0552088,0.300769,0.138477,5.14884,0.437605,970987,1.44309,0.0131386,-0.152477,109.836,-2.05469,train
170,0.00742089,0.367324,0.114269,7.5562,0.357508,2.25757e+06,1.06238,0.0102021,-0.0320627,104.133,-4.05434,train
171,0.0556001,0.234155,0.141524,0.433295,0.263843,2.04243e+06,0.732973,0.0105933,-0.114596,69.1919,-1.37786,train
172,0.0221179,0.475203,0.134198,6.87738,0.346893,880854,1.21484,0.012837,-0.0876359,94.6358,-2.98066,train
173,0.0144483,0.414947,0.16756,2.86986,0.314825,350708,0.584725,0.0154613,-0.0506684,37.8188,-1.18703,train
174,0.0417768,0.413283,0.112054,0.55916,0.129279,7.61936e+06,0.610893,0.00791646,-0.119329,77.1675,-0.819961,train
175,0.0508247,0.237352,0.196296,-1.73137,0.493283,460682,0.47881,0.0155879,-0.109694,30.7167,-1.32606,test
176,0.0481218,0.286354,0.0951444,-1.60472,0.389288,210967,0.396744,0.0146834,-0.113301,27.0199,-1.2721,train
177,0.0495135,0.571472,0.0616559,5.1685,0.0801841,7.00216e+06,1.30443,0.00788485,-0.184736,165.435,-5.20393,test
178,0.0486928,0.427179,0.0853121,4.20296,0.187478,789514,1.12679,0.0118093,-0.146873,95.4156,-1.72618,train
179,0.0529591,0.54306,0.0903634,-2.40535,0.247029,1.8029e+06,0.489054,0.00964733,-0.186694,50.6932,-0.801491,train
180,0.0399635,0.475786,0.154937,3.1746,0.108678,615696,0.965322,0.0139195,-0.135124,69.3501,-1.30166,train
181,0.0336059,0.316897,0.0935591,2.04366,0.0851585,2.49475e+06,0.637804,0.00925259,-0.0817536,68.9325,-0.88849,train
182,0.0049003,0.331254,0.162575,1.59576,0.208872,286089,0.266519,0.0156833,-0.0158055,16.9938,-0.842969,train
183,0.0174763,0.588985,0.142148,7.73467,0.194256,1.2619e+06,1.24094,0.0122448,-0.0835464,101.344,-3.40621,train
184,0.05068,0.378557,0.0694709,-3.16206,0.311144,290450,0.253567,0.0130365,-0.135623,19.4505,-2.70267,train
185,0.00724036,0.416301,0.126618,1.70424,0.132995,413070,0.303636,0.0135287,-0.0235449,22.4439,-0.744569,train
186,0.0270976,0.579509,0.157005,7.59382,0.0993753,9.73041e+06,1.36977,0.00906577,-0.120612,151.093,-3.05143,train
187,0.0524231,0.339273,0.0821714,1.69732,0.137162,1.03917e+06,0.822934,0.0107819,-0.131047,76.3252,-1.02086,test
188,0.0533123,0.425531,0.0996677,-2.54406,0.414445,581889,0.421626,0.0120753,-0.163181,34.9165,-1.23977,train
189,0.0232103,0.581683,0.178677,6.92915,0.234688,409984,1.27895,0.0165446,-0.110382,77.3034,-2.5696,train
190,0.0530411,0.252733,0.103386,1.93561,0.135424,336267,0.841368,0.013984,-0.113155,60.1662,-1.31219,test
191,0.0544197,0.367738,0.0945433,1.75441,0.411133,3.63845e+06,0.95402,0.00893975,-0.156372,106.717,-1.16028,train
192,0.0569514,0.227924,0.0819851,4.21431,0.422542,4.7536e+06,1.22938,0.00863511,-0.128333,142.37,-1.86686,train
193,0.0467895,0.525603,0.0723581,0.0305088,0.301941,805579,0.680175,0.0109723,-0.164843,61.9904,-0.656067,train
194,0.0180436,0.30427,0.16098,2.39503,0.384563,6.60933e+06,0.56685,0.00892079,-0.0508788,63.5426,-1.14768,train
195,0.00472404,0.594628,0.17002,7.64481,0.293588,1.49976e+06,1.07436,0.0123357,-0.0377528,87.0934,-2.89936,train
196,0.0567334,0.403465,0.181439,-1.33407,0.275509,7.9744e+06,0.635424,0.00911233,-0.161724,69.7323,-1.12082,train
197,0.0488336,0.391846,0.155667,1.31253,0.157572,251281,0.819603,0.0164369,-0.138294,49.8635,-1.18333,test
198,0.0293623,0.29922,0.136348,-3.13201,0.497889,1.97116e+06,-0.0265506,0.0102199,-0.0710723,-2.59795,-1.4612,train
199,0.057256,0.550027,0.09427,-2.00162,0.248342,257613,0.609647,0.0142401,-0.205125,42.8121,-0.697051,train
200,0.0190865,0.207905,0.117322,5.05121,0.466379,395022,0.926751,0.0140197,-0.0488531,66.1037,-1.86812,train
201,0.0216834,0.594257,0.088015,4.71656,0.430538,858349,0.976654,0.0114758,-0.0976177,85.1053,-2.91956,train
202,0.0341727,0.497627,0.141277,1.20219,0.377453,7.21877e+06,0.68859,0.00850852,-0.124074,80.9295,-0.961331,train
203,0.0323154,0.57709,0.16946,0.149637,0.297205,1.16558e+06,0.564276,0.0122966,-0.129771,45.8887,-0.901481,train
204,0.0180766,0.212158,0.145527,2.50374,0.499375,259990,0.598008,0.0156852,-0.0445652,38.1256,-1.26432,train
205,0.0384144,0.226298,0.197233,1.84528,0.278587,305940,0.744073,0.0172915,-0.0820687,43.0313,-1.55891,train
206,0.02354,0.429296,0.12319,2.63432,0.427314,269119,0.695446,0.0150014,-0.0804209,46.3588,-1.08792,test
207,0.0499466,0.201679,0.0642092,7.54037,0.3342,725911,1.47592,0.0121313,-0.105837,121.662,-4.17014,train
208,0.0454665,0.314255,0.112901,5.67112,0.177291,202724,1.23834,0.0165591,-0.117749,74.7827,-1.84727,train
209,0.0238248,0.287358,0.145673,3.75177,0.163285,423361,0.760042,0.0143952,-0.0613293,52.7982,-1.31775,train
210,0.0428829,0.286614,0.0810588,4.05563,0.444951,2.37543e+06,1.07013,0.00951544,-0.110939,112.462,-1.40711,train
211,0.00143086,0.444547,0.119853,4.01067,0.0756744,5.03963e+06,0.501554,0.00854098,-0.0102269,58.7233,-1.48862,train
212,0.0498052,0.334344,0.0603735,-1.86993,0.415276,612000,0.391451,0.0111109,-0.129722,35.2311,-2.11692,train
213,0.0325002,0.306078,0.15132,3.71184,0.477658,242113,0.978725,0.0166819,-0.0947,58.67,-1.56795,train
214,0.00619906,0.411045,0.128568,-3.99589,0.448851,795917,-0.448847,0.0120311,-0.0124293,-37.3072,-1.61882,test
215,0.0492637,0.219019,0.0842222,5.89587,0.139483,1.81632e+06,1.23687,0.010254,-0.102708,120.624,-1.91101,train
216,0.0205546,0.245176,0.141162,-3.07897,0.335464,1.39016e+06,-0.139874,0.011003,-0.0385017,-12.7124,-1.28441,train
217,0.0515989,0.238871,0.173703,3.01868,0.122349,8.91665e+06,1.01572,0.00911023,-0.111124,111.493,-1.7912,train
218,0.0364736,0.57874,0.189246,0.692807,0.260805,6.68614e+06,0.710377,0.00961566,-0.147744,73.877,-1.08456,train
219,0.0251139,0.583371,0.156004,-1.73846,0.292856,1.56882e+06,0.197012,0.011118,-0.0972886,17.7202,-0.669404,test
220,0.0347728,0.350309,0.144913,-2.18152,0.482722,6.08514e+06,0.200706,0.00859334,-0.0955857,23.356,-0.981954,train
221,0.0280453,0.38557,0.16909,6.53089,0.319898,6.34229e+06,1.25134,0.00981623,-0.0972796,127.477,-2.29728,train
222,0.0132823,0.479342,0.150482,-3.87634,0.446998,514872,-0.320224,0.013604,-0.0391017,-23.5389,-1.44764,train
223,0.0538994,0.56159,0.118862,2.58906,0.071214,1.91487e+06,1.11976,0.0106717,-0.201159,104.928,-1.17258,train
224,0.00971901,0.253142,0.18269,-3.70462,0.421554,435463,-0.37988,0.0151601,-0.0118667,-25.0579,-1.40315,train
225,0.00298117,0.524159,0.12827,4.52554,0.26481,776313,0.611363,0.0122046,-0.0181624,50.0929,-1.72621,train
226,0.0445145,0.533969,0.1541,-3.91421,0.441799,1.47547e+06,0.209948,0.0111998,-0.164635,18.7457,-1.27373,train
227,0.0240576,0.49857,0.100416,0.883056,0.1447,866442,0.441742,0.011216,-0.0802474,39.3851,-0.613205,train
228,0.0352907,0.312829,0.0661491,5.10424,0.0814658,280990,0.990505,0.013761,-0.086788,71.9792,-2.71126,train
229,0.0334719,0.593063,0.0889612,6.23053,0.214998,625109,1.26429,0.0126605,-0.138128,99.8608,-4.31577,train
230,0.0397609,0.412052,0.17742,-3.50321,0.418068,252735,0.120126,0.0165893,-0.115327,7.24118,-1.25217,test
231,0.00756873,0.250941,0.189764,7.62398,0.442391,9.56185e+06,1.17691,0.00955077,-0.0401126,123.227,-2.81424,train
232,0.00937169,0.212946,0.0829096,-3.59351,0.405692,527585,-0.346662,0.0118937,-0.0157116,-29.1467,-2.26473,train
233,0.0429015,0.514721,0.102537,2.7252,0.410311,4.62479e+06,1.01396,0.00877031,-0.161437,115.612,-1.20077,train
234,0.0268926,0.268404,0.0888653,7.17614,0.0689186,669779,1.14453,0.0122937,-0.066078,93.0988,-3.79395,train
235,0.00919245,0.399466,0.0840526,4.11367,0.0867166,7.5161e+06,0.595981,0.00752434,-0.0293032,79.2071,-1.97752,train
236,0.00151504,0.400948,0.171645,4.44315,0.219345,770179,0.588782,0.013379,-0.0149336,44.008,-1.52447,train
237,0.0228308,0.485805,0.0709872,0.332614,0.153166,2.9239e+06,0.345005,0.00849051,-0.0729997,40.6342,-0.433446,train
238,0.016728,0.245585,0.178332,2.13401,0.337183,1.06496e+06,0.50417,0.0127165,-0.0415274,39.6469,-1.1848,train
239,0.00556134,0.396372,0.1028,4.93646,0.140513,7.87093e+06,0.660608,0.00776769,-0.0215194,85.0456,-2.19637,train
240,0.0129325,0.55427,0.0659892,2.41266,0.350461,2.3424e+06,0.492772,0.00881003,-0.0508433,55.9331,-1.32428,train
241,0.00412328,0.244255,0.199469,2.2192,0.307979,616469,0.351896,0.0147533,-0.0153454,23.8519,-1.11919,train
242,0.0190328,0.439206,0.0994684,6.14261,0.159231,1.35952e+06,0.984006,0.0107701,-0.0643807,91.3649,-3.13531,train
243,0.0448652,0.345925,0.0714346,-1.661,0.439767,1.7287e+06,0.370691,0.0093332,-0.121219,39.7175,-1.39382,train
244,0.0356355,0.348272,0.0720385,3.06163,0.387899,6.55564e+06,0.837753,0.00768096,-0.0990052,109.069,-1.12248,test
245,0.0233199,0.461337,0.0753914,-1.24082,0.067512,6.90682e+06,0.159379,0.00736378,-0.0695033,21.6437,-0.539092,test
246,0.0468179,0.215659,0.0965199,2.81502,0.231755,782891,0.87397,0.011734,-0.0951974,74.4817,-1.43522,train
247,0.0264442,0.376059,0.14737,-1.54321,0.369183,6.43084e+06,0.167023,0.00855275,-0.0723983,19.5285,-0.718811,test
248,0.0294594,0.583751,0.0987402,-3.79038,0.355263,538670,-0.000325891,0.0121081,-0.113504,-0.0269152,-1.49697,test
249,0.0297579,0.277141,0.0685356,3.04115,0.433722,2.17548e+06,0.75674,0.00914213,-0.0745674,82.7749,-1.04124,train
250,0.0500118,0.242386,0.0799024,0.194881,0.164592,5.14997e+06,0.58207,0.00794028,-0.102403,73.3061,-0.963163,train
251,0.0404646,0.261975,0.0603147,4.90626,0.303253,1.56615e+06,1.05225,0.0098471,-0.0935939,106.859,-2.27862,test
252,0.0139429,0.357183,0.182135,-1.68554,0.358712,962770,-0.0278654,0.0128807,-0.0340187,-2.16335,-0.854586,test
253,0.0337239,0.272961,0.0703777,-3.83505,0.217201,7.64541e+06,-0.0697916,0.00716785,-0.0710344,-9.73676,-3.84878,train
254,0.0459593,0.463258,0.189899,-3.04451,0.192539,1.95262e+06,0.28965,0.0115958,-0.138262,24.979,-0.961006,train
255,0.0298259,0.298853,0.179758,1.27063,0.322991,3.24942e+06,0.571458,0.0104971,-0.0754368,54.4397,-1.18173,train
256,0.00217981,0.338948,0.126213,-3.7801,0.273696,2.16594e+06,-0.445603,0.009967,0.000559157,-44.7078,-1.42254,train
257,0.0533603,0.471278,0.149741,-2.4361,0.193512,1.34892e+06,0.460718,0.0113928,-0.165347,40.4395,-0.802258,train
258,0.00587092,0.370445,0.14342,2.05297,0.495061,1.32647e+06,0.375971,0.0112306,-0.0221626,33.4772,-0.977057,train
259,0.0288595,0.508024,0.1795,-0.785987,0.269707,5.7021e+06,0.349729,0.00942528,-0.0997701,37.1054,-0.797907,train
260,0.0100449,0.287632,0.0939588,-2.52551,0.265233,1.39384e+06,-0.187868,0.010051,-0.0202669,-18.6914,-1.15224,train
261,0.0402148,0.347661,0.152878,0.758701,0.153553,607967,0.616006,0.0134562,-0.104093,45.7787,-1.04297,train
262,0.0120462,0.56751,0.143115,4.09517,0.459521,890371,0.773423,0.0124142,-0.0591901,62.3017,-1.65834,train
263,0.0485927,0.211219,0.0895753,5.55606,0.396889,1.49055e+06,1.28771,0.0108064,-0.107439,119.162,-2.04789,train
264,0.0362049,0.488391,0.170741,2.49045,0.156996,6.9799e+06,0.851118,0.0092519,-0.126217,91.9939,-1.23201,train
265,0.0192582,0.498082,0.0784737,0.932695,0.0518972,695766,0.369367,0.0111926,-0.0630763,33.001,-0.501349,train
266,0.0500983,0.56211,0.101596,-0.979298,0.201062,1.40736e+06,0.636966,0.010402,-0.183409,61.235,-0.688734,train
267,0.0326934,0.301008,0.107128,-3.39996,0.289521,762609,-0.0191941,0.0115013,-0.0733748,-1.66886,-1.83077,test
268,0.0433411,0.360005,0.138874,-0.658721,0.156007,1.61474e+06,0.47737,0.0107912,-0.11146,44.2369,-0.865894,train
269,0.000334103,0.591492,0.117693,7.91553,0.222982,646052,0.974815,0.0128035,-0.0129269,76.1367,-4.18207,train
270,0.00942376,0.557286,0.0836231,1.42065,0.348209,2.09981e+06,0.322943,0.00919955,-0.0375147,35.1042,-0.663636,test
271,0.00369051,0.390301,0.175979,-2.07362,0.489774,1.46844e+06,-0.240204,0.0117826,-0.00593072,-20.3863,-1.03636,train
272,0.036614,0.516782,0.199482,3.5259,0.390179,444816,1.10191,0.0167494,-0.149641,65.7881,-1.66069,train
273,0.0390143,0.209602,0.197859,5.86706,0.399125,1.93956e+06,1.33822,0.0130546,-0.0972089,102.509,-2.48437,train
274,0.0443109,0.203412,0.14807,-0.884607,0.440978,306749,0.455349,0.0151071,-0.0883587,30.1414,-1.15267,train
275,0.0089975,0.34514,0.106518,0.958784,0.385005,232688,0.242263,0.0146062,-0.0256151,16.5863,-0.596986,train
276,0.025282,0.240359,0.0971692,0.946164,0.176795,3.2182e+06,0.402522,0.00878381,-0.0528459,45.8254,-0.760975,test
277,0.0302865,0.51729,0.160883,0.303438,0.0654147,1.95291e+06,0.491519,0.0109349,-0.104881,44.9494,-0.828427,test
278,0.00631447,0.289741,0.0657395,7.35339,0.162007,522196,0.926061,0.0120573,-0.0200017,76.8048,-7.71723,train
279,0.0560424,0.416766,0.153617,7.81142,0.35684,1.77056e+06,1.82737,0.0129609,-0.192258,140.992,-2.95543,train
280,0.054796,0.487676,0.177752,7.84594,0.236061,5.30237e+06,1.82838,0.0113228,-0.207382,161.478,-2.89356,train
281,0.0178961,0.406679,0.0928301,2.42858,0.399806,704754,0.557277,0.0115814,-0.0571027,48.1181,-0.963468,test
282,0.0377251,0.538124,0.151579,5.19789,0.352027,995480,1.28852,0.0131355,-0.154943,98.0947,-2.05957,test
283,0.0423904,0.31167,0.08924,-3.64095,0.437512,3.81764e+06,0.0738832,0.0083287,-0.104973,8.87091,-2.81393,train
284,0.0479692,0.217527,0.0707667,1.10849,0.149671,1.28581e+06,0.651594,0.0100044,-0.0937214,65.1307,-1.06405,train
285,0.00597406,0.394094,0.0874709,4.32495,0.0892707,1.10243e+06,0.582057,0.010558,-0.020728,55.1294,-2.08984,train
286,0.0134639,0.413913,0.140988,-0.50704,0.400115,588766,0.128556,0.0129267,-0.040825,9.94501,-0.579374,train
287,0.0543285,0.546511,0.184492,0.991467,0.101658,3.55876e+06,0.981343,0.0108448,-0.200776,90.4897,-1.23768,train
288,0.00102029,0.507887,0.124469,1.85875,0.400842,331198,0.260291,0.0140638,-0.00686229,18.5079,-0.819503,train
289,0.0520522,0.560108,0.130543,-3.4839,0.451484,2.18702e+06,0.410106,0.0100171,-0.204653,40.9406,-1.1038,train
290,0.00534539,0.322428,0.169203,7.50589,0.28154,2.67775e+06,1.04229,0.0110644,-0.0313063,94.2018,-2.75207,train
291,0.0216443,0.299748,0.141853,-3.1024,0.268284,1.63231e+06,-0.117388,0.0106986,-0.045598,-10.9723,-1.22242,train
292,0.00120106,0.234651,0.0653682,3.65298,0.310863,6.82894e+06,0.45556,0.00732282,-0.00542341,62.211,-2.36942,train
293,0.0416712,0.482792,0.174679,-0.734572,0.259,273028,0.535837,0.0164869,-0.137816,32.5007,-0.920473,train
294,0.00179822,0.591706,0.0682993,6.86976,0.180291,1.98139e+06,0.830265,0.00935381,-0.0123763,88.7622,-6.88212,train
295,0.0326018,0.206632,0.0747891,0.752224,0.416675,754494,0.481738,0.011009,-0.0677121,43.7586,-0.872506,train
296,0.0466146,0.30777,0.138122,3.53976,0.0694656,4.3055e+06,1.00394,0.00949857,-0.115494,105.693,-1.46528,test
297,0.0103033,0.344483,0.115702,5.24296,0.272544,5.39945e+06,0.782309,0.00855479,-0.0345552,91.4469,-2.13818,test
298,0.0369223,0.372183,0.168543,-0.642099,0.166116,2.53829e+06,0.41569,0.0105777,-0.0975694,39.2989,-0.892701,train
299,0.0220453,0.497183,0.123437,-0.532072,0.48799,9.18394e+06,0.283677,0.00771544,-0.0817424,36.7675,-0.605336,train
300,0.0137805,0.229756,0.0730418,-0.491069,0.280648,938639,0.0970124,0.0103912,-0.0278274,9.33599,-0.433385,train
301,0.0127613,0.400255,0.191184,1.86913,0.283444,448706,0.431624,0.0154276,-0.0427013,27.9773,-1.06906,train
302,0.0319432,0.5206,0.0851204,4.74481,0.254044,3.2649e+06,1.0308,0.00902859,-0.11632,114.171,-2.6638,test
303,0.00566345,0.308627,0.0690228,6.64988,0.226284,3.77382e+06,0.851559,0.00838962,-0.0189374,101.501,-6.11435,train
304,0.0173896,0.592657,0.156493,6.66129,0.393098,307829,1.1968,0.0164854,-0.0892652,72.5975,-2.745,test
305,0.0581477,0.257436,0.150163,3.92922,0.065871,7.53576e+06,1.1836,0.00907206,-0.130184,130.466,-1.88364,train
306,0.0565382,0.319259,0.127416,-1.47935,0.345502,8.73513e+06,0.544187,0.00793967,-0.13972,68.5403,-0.99741,train
307,0.00667832,0.283437,0.120092,1.08936,0.134721,4.5823e+06,0.211952,0.00857629,-0.0165291,24.7137,-0.617959,train
308,0.0276413,0.504465,0.118208,7.36997,0.374722,2.86126e+06,1.36854,0.0102742,-0.110994,133.201,-3.86851,train
309,0.0586366,0.468555,0.159007,-1.7054,0.386196,1.40428e+06,0.671413,0.0116997,-0.194581,57.387,-1.01979,test
310,0.042537,0.502712,0.15186,-1.87316,0.299905,657917,0.408309,0.0130587,-0.144147,31.2671,-0.742419,test
311,0.0281545,0.431428,0.105398,5.8352,0.326161,2.70506e+06,1.11774,0.00978564,-0.0949935,114.222,-2.7411,train
312,0.0035556,0.539211,0.157246,-2.62683,0.481816,4.21916e+06,-0.30798,0.0094085,-0.00826966,-32.7342,-1.10667,train
313,0.0406659,0.230182,0.0838972,6.36231,0.196122,3.71026e+06,1.21091,0.00901394,-0.0892923,134.337,-2.43971,train
314,0.0124284,0.298151,0.174074,-1.19712,0.289713,667109,0.00872705,0.0135477,-0.0266849,0.644171,-0.719482,train
315,0.043864,0.485046,0.0981762,1.72171,0.347917,1.53513e+06,0.851399,0.0103644,-0.150758,82.1464,-0.915838,test
316,0.0349996,0.510652,0.0676644,1.5537,0.278953,731795,0.679381,0.0110788,-0.120817,61.3226,-0.726239,train
317,0.0359942,0.464373,0.170579,6.61121,0.0942965,4.88985e+06,1.34067,0.0104151,-0.13012,128.723,-2.30252,train
318,0.0134228,0.31218,0.173455,2.0966,0.169752,710733,0.440299,0.0135202,-0.0371373,32.5661,-1.03044,test
319,0.0591804,0.260547,0.0745307,-0.728098,0.459101,655720,0.642123,0.0114243,-0.138287,56.207,-1.49292,test
320,0.0570751,0.45939,0.0795327,-3.9841,0.380753,341964,0.297446,0.0128621,-0.179862,23.1258,-2.64752,train
321,0.0070546,0.243419,0.172134,3.00408,0.186863,586262,0.469691,0.014011,-0.0216445,33.5231,-1.16467,train
322,0.00130844,0.260281,0.0678211,-1.26593,0.152015,222330,-0.133078,0.0136995,-0.00177348,-9.71407,-0.567635,train
323,0.032384,0.556083,0.188686,1.23527,0.305828,402527,0.707742,0.0159592,-0.129729,44.3471,-1.13295,train
324,0.0107288,0.369041,0.167376,1.13324,0.171789,8.1905e+06,0.287343,0.00861501,-0.0313248,33.3538,-0.823125,train
325,0.0311802,0.313119,0.166897,5.5206,0.295572,1.09588e+06,1.13097,0.013065,-0.0908347,86.5645,-1.88967,train
326,0.0185043,0.593642,0.162775,-0.862548,0.182802,4.86709e+06,0.199231,0.00926648,-0.0721517,21.5002,-0.61522,train
327,0.0162958,0.277851,0.183594,-0.869694,0.156561,8.07302e+06,0.0984879,0.00893061,-0.0337358,11.0281,-0.726821,train
328,0.0462606,0.203818,0.184888,-3.18509,0.225941,4.0149e+06,0.164659,0.01007,-0.0781227,16.3515,-1.26942,train
329,0.0466684,0.241885,0.175611,0.529338,0.265698,364062,0.663653,0.0157228,-0.0982417,42.2096,-1.36854,train
330,0.00857356,0.538729,0.125474,0.697322,0.0960595,206368,0.212084,0.0155189,-0.031476,13.6662,-0.578892,train
331,0.0303987,0.415768,0.0792018,-3.01226,0.458514,1.01904e+06,0.0331831,0.0103432,-0.0923251,3.2082,-1.83717,train
332,0.0309356,0.275503,0.0792989,-2.75749,0.0748351,7.07857e+06,0.0273973,0.0073758,-0.0645185,3.71448,-2.01043,train
333,0.00486172,0.458495,0.061037,0.81271,0.316698,565050,0.16374,0.0112133,-0.0159575,14.6023,-0.407315,train
334,0.0226917,0.31024,0.0937851,0.104127,0.456462,2.36118e+06,0.312661,0.00917708,-0.0593588,34.0697,-0.620976,train
335,0.0392889,0.337488,0.184153,4.67646,0.494078,387513,1.26956,0.0169318,-0.126987,74.9807,-1.99245,train
336,0.00651391,0.405711,0.17411,-3.61909,0.44275,5.60177e+06,-0.404716,0.00935688,-0.0110364,-43.2534,-1.38402,train
337,0.00891678,0.384007,0.191364,3.7074,0.121116,5.86489e+06,0.59567,0.00979175,-0.034618,60.8339,-1.35678,train
338,0.0346221,0.331727,0.0760987,7.6567,0.131427,282225,1.29761,0.0145579,-0.0923086,89.1345,-5.55488,train
339,0.0418745,0.480797,0.167641,1.73331,0.360127,5.2035e+06,0.88136,0.00967273,-0.149231,91.118,-1.22488,train
340,0.0398401,0.274954,0.0748961,5.76011,0.428535,1.18382e+06,1.22992,0.0108861,-0.101951,112.981,-2.83793,train
341,0.00642468,0.276,0.19085,1.90484,0.468031,1.34139e+06,0.36563,0.0124752,-0.0215842,29.3084,-1.12837,train
342,0.00799042,0.427564,0.0914974,-1.43087,0.165268,829214,-0.0665435,0.0109987,-0.021699,-6.05011,-0.602631,test
343,0.0474029,0.293006,0.153339,7.15328,0.114759,207558,1.46981,0.0184833,-0.124517,79.521,-2.27047,train
344,0.0408337,0.466445,0.197984,-1.45202,0.210133,2.15095e+06,0.426816,0.0117037,-0.127921,36.4684,-0.92286,train
345,0.0562701,0.389675,0.105704,4.65666,0.0949381,233889,1.2619,0.0159042,-0.159526,79.3438,-1.54231,train
346,0.0229867,0.445955,0.0824018,1.50643,0.320344,7.28342e+06,0.498354,0.00749291,-0.0732807,66.5101,-0.658265,train
347,0.0430871,0.472379,0.111529,-2.66702,0.280267,2.72539e+06,0.278353,0.00923968,-0.135497,30.1258,-1.00365,train
348,0.0371218,0.515458,0.0788551,-0.82244,0.488698,4.83159e+06,0.475357,0.00795701,-0.140024,59.7406,-0.564975,test
349,0.0328319,0.414125,0.180524,-1.18667,0.250398,1.70373e+06,0.316717,0.0116241,-0.0942596,27.2465,-0.826473,train
350,0.00229053,0.570326,0.14651,-1.75371,0.452055,5.24028e+06,-0.200497,0.00883843,-0.00592142,-22.6847,-0.85401,test
351,0.00252866,0.52822,0.0822892,2.28601,0.445838,2.06336e+06,0.337349,0.00921091,-0.0120737,36.6249,-1.05261,train
352,0.0496028,0.382526,0.116531,-3.51206,0.385585,243401,0.222491,0.0147387,-0.137029,15.0957,-1.70168,test
353,0.0259483,0.239132,0.0764778,6.15665,0.347551,629220,1.06337,0.0120426,-0.0621318,88.3001,-3.42488,train
354,0.0397196,0.251965,0.173786,4.69384,0.405176,4.36835e+06,1.176,0.0104533,-0.102388,112.5,-2.00408,test
355,0.0164026,0.561098,0.0726303,0.452792,0.141965,544618,0.292132,0.0115762,-0.0598627,25.2355,-0.405443,train
356,0.0258661,0.365437,0.0966121,3.66823,0.277561,245383,0.778736,0.0146459,-0.0740721,53.1709,-1.34895,train
357,0.0244481,0.525461,0.12179,-2.47491,0.44087,738271,0.0642131,0.0119032,-0.0892477,5.39462,-0.921131,train
358,0.0157556,0.380783,0.130117,6.03154,0.255549,5.66439e+06,0.961398,0.00888573,-0.0541043,108.196,-2.36059,train
359,0.0125817,0.214035,0.18249,2.32717,0.475768,2.85924e+06,0.507712,0.0107586,-0.0333251,47.1913,-1.29035,train
360,0.0284176,0.23654,0.138584,1.20531,0.238807,396646,0.495689,0.0140962,-0.0604419,35.1648,-1.02612,train
361,0.00510585,0.281338,0.159647,0.220492,0.317651,7.10933e+06,0.0954686,0.00862749,-0.0123446,11.0656,-0.659006,test
362,0.00415404,0.444339,0.0864707,4.94822,0.23949,4.38857e+06,0.650575,0.0082959,-0.0178097,78.4213,-2.75964,train
363,0.0479162,0.362795,0.155856,0.123917,0.0898566,821421,0.639943,0.0128064,-0.124882,49.9705,-1.05908,train
364,0.0357191,0.248564,0.16513,-0.286212,0.0984315,9.69478e+06,0.402384,0.0083812,-0.0725123,48.0103,-1.00392,train
365,0.0136032,0.57814,0.168045,5.73517,0.316027,8.58888e+06,0.98117,0.00901193,-0.0687981,108.875,-2.1211,train
366,0.049351,0.429717,0.0706099,-0.489126,0.124863,2.02207e+06,0.565439,0.00916012,-0.141153,61.7283,-0.655792,train
367,0.0275979,0.581296,0.166429,2.57867,0.370799,4.19137e+06,0.824195,0.00994739,-0.12094,82.8554,-1.27284,test
368,0.0095493,0.39236,0.199874,-0.204138,0.18251,1.05818e+06,0.10901,0.0132414,-0.0263463,8.23258,-0.760754,train
369,0.0494519,0.524878,0.111741,-0.960596,0.0540286,1.14746e+06,0.594027,0.0109727,-0.167014,54.1366,-0.713096,train
370,0.0159857,0.443998,0.140468,-2.4687,0.409664,1.38042e+06,-0.0902372,0.0109939,-0.0477271,-8.2079,-0.971134,train
371,0.0574209,0.375399,0.162087,-1.9031,0.0537791,323895,0.520709,0.0154567,-0.147867,33.6883,-0.984082,test
372,0.0126183,0.399729,0.078101,-0.572301,0.118653,7.13625e+06,0.0897685,0.00735315,-0.034081,12.2082,-0.350326,train
373,0.0179624,0.22923,0.197199,0.278553,0.349981,536855,0.278242,0.0150248,-0.0377825,18.5189,-1.02102,train
374,0.0579652,0.565471,0.142875,0.581485,0.328393,3.18535e+06,1.01869,0.0101143,-0.227666,100.719,-1.10207,train
375,0.032921,0.355922,0.0735119,4.24019,0.43596,734741,0.977194,0.0115113,-0.0965868,84.8899,-2.07255,test
376,0.0379512,0.321196,0.111174,-2.02022,0.282609,3.9244e+06,0.224309,0.00865813,-0.0909906,25.9073,-1.03193,train
377,7.0361e-05,0.28369,0.0895671,1.91555,0.203583,1.24283e+06,0.230225,0.0101925,-0.00222304,22.5878,-0.767642,train
378,0.00437583,0.516495,0.174913,1.02334,0.0729196,357848,0.194947,0.0153812,-0.0175979,12.6744,-0.774396,train
379,0.0295131,0.317111,0.164172,-1.14976,0.394868,3.93544e+06,0.253183,0.00964867,-0.0734602,26.2402,-0.826197,train
380,0.00759298,0.410709,0.152222,3.86352,0.423155,2.76443e+06,0.636678,0.0101928,-0.0323524,62.4635,-1.46145,test
381,0.032236,0.306534,0.145897,4.83404,0.137394,1.49731e+06,0.998399,0.011604,-0.0854757,86.0395,-1.58987,train
382,0.00521005,0.297311,0.117543,-1.56785,0.492236,8.66571e+06,-0.144361,0.00767251,-0.011008,-18.8154,-0.766441,train
383,0.014675,0.507117,0.184695,7.29949,0.393172,4.05004e+06,1.23742,0.0109559,-0.0749335,112.945,-2.7287,test
384,0.0202802,0.311106,0.0876175,0.397355,0.333923,451639,0.299954,0.0123474,-0.0504469,24.293,-0.563193,train
385,0.0564293,0.527338,0.0890803,-1.65392,0.352091,4.54454e+06,0.637223,0.00827845,-0.20142,76.9736,-0.717171,train
386,0.0449475,0.280423,0.132245,7.22727,0.169868,355324,1.42913,0.0157404,-0.114516,90.7939,-2.35841,train
387,0.0298832,0.447025,0.159189,3.30738,0.36682,260867,0.887165,0.0165445,-0.105394,53.6229,-1.36674,train
388,0.0482715,0.438567,0.15853,2.02422,0.392328,6.93876e+06,0.996454,0.00915048,-0.161563,108.896,-1.32788,train
389,0.0570357,0.276897,0.186719,7.40487,0.214002,216899,1.68871,0.0204948,-0.150246,82.3966,-2.66121,test
390,0.0433777,0.474845,0.159292,2.62825,0.0925298,263249,0.94811,0.016623,-0.144735,57.036,-1.25198,train
391,0.0257896,0.31515,0.160325,1.17888,0.458357,4.75953e+06,0.53126,0.00938538,-0.0715118,56.605,-1.08349,train
392,0.0168555,0.431913,0.0613818,-0.708951,0.166596,294831,0.130518,0.0127698,-0.0483764,10.2208,-0.379692,train
393,0.0525808,0.391307,0.153257,-3.80938,0.0667639,3.84012e+06,0.225431,0.00945324,-0.135461,23.8469,-1.36239,train
394,0.00654198,0.25576,0.194179,-0.25684,0.158749,1.46224e+06,0.0510242,0.0122878,-0.0129705,4.15241,-0.723951,train
395,0.0528357,0.346382,0.183766,4.97711,0.241539,9.97483e+06,1.36167,0.00958994,-0.152167,141.989,-1.97855,train
396,0.0320485,0.303987,0.190093,-0.816118,0.236595,443212,0.321491,0.0153472,-0.0739293,20.9479,-0.958646,train
397,0.0435408,0.358831,0.0648528,7.9903,0.0835957,1.22907e+06,1.42802,0.0109222,-0.117986,130.745,-7.58603,train
398,0.0158724,0.265079,0.167809,1.76393,0.212365,877478,0.425559,0.0128127,-0.0385712,33.2139,-1.01505,train
399,0.0129917,0.492819,0.13288,-3.31187,0.386664,471986,-0.235056,0.0133101,-0.0399144,-17.66,-1.23393,train
400,0.0559292,0.551386,0.0906041,2.95867,0.398175,4.16501e+06,1.25512,0.00900175,-0.219869,139.431,-1.48393,train
401,0.042302,0.424913,0.120482,5.96014,0.067211,1.75486e+06,1.2704,0.0110919,-0.132421,114.534,-2.26963,train
402,0.0200802,0.460521,0.177172,4.16504,0.115632,5.29026e+06,0.815352,0.00979762,-0.0736748,83.2194,-1.48989,train
403,0.00876484,0.42619,0.192631,6.98084,0.154197,276759,1.01815,0.0179332,-0.0454694,56.7744,-2.33547,test
404,0.0251917,0.269265,0.124373,-2.4247,0.268016,9.30834e+06,0.00547408,0.00767577,-0.0521721,0.713164,-1.10219,test
405,0.000441337,0.214786,0.103021,-3.85865,0.404385,407535,-0.494121,0.0130855,0.00428336,-37.761,-1.72606,train
406,0.0469719,0.487456,0.155156,7.57812,0.262524,7.45128e+06,1.659,0.00987316,-0.1765,168.032,-2.97722,train
407,0.0446516,0.555268,0.137074,6.26582,0.306311,2.30781e+06,1.50573,0.0113065,-0.183339,133.173,-2.73446,train
408,0.030636,0.440063,0.134237,5.87446,0.342215,334483,1.19609,0.0154745,-0.108477,77.2943,-2.29598,test
409,0.0187738,0.518127,0.127364,4.36404,0.0766305,330843,0.800139,0.0146307,-0.0712348,54.689,-1.63498,train
410,0.052762,0.59973,0.135905,4.42562,0.267278,361266,1.42665,0.0157972,-0.22382,90.31,-1.94674,train
411,0.000899219,0.294034,0.1584,-2.34335,0.104691,518308,-0.279812,0.0137993,0.00288544,-20.2772,-0.929956,train
412,0.0431487,0.500202,0.155498,-1.00437,0.0547894,321250,0.506401,0.015248,-0.141126,33.211,-0.803372,train
413,0.0410462,0.319543,0.110066,5.02116,0.216943,284393,1.11481,0.0151042,-0.107542,73.8079,-1.64052,train
414,0.0037842,0.296876,0.0830494,5.00502,0.178743,1.4309e+06,0.636662,0.010022,-0.0136663,63.5264,-2.84307,train
415,0.034669,0.491983,0.193427,3.21918,0.469944,729749,1.0518,0.0148846,-0.140854,70.664,-1.61653,test
416,0.0380883,0.513022,0.125729,-1.52793,0.168096,1.89426e+06,0.368157,0.0101594,-0.127167,36.238,-0.609618,train
417,0.0231129,0.378407,0.0782576,1.47625,0.106596,1.91948e+06,0.45418,0.0093127,-0.0623888,48.7699,-0.60964,train
418,0.0269883,0.403886,0.185407,-0.185243,0.417602,1.51554e+06,0.385595,0.0120483,-0.0833301,32.0041,-0.950865,test
419,0.0447939,0.536216,0.172974,7.01661,0.0981307,3.69738e+06,1.56461,0.0113664,-0.178565,137.652,-2.59781,train
420,0.0242772,0.300414,0.194931,7.95429,0.361034,526372,1.41485,0.0167185,-0.0846587,84.6274,-2.77439,test
421,0.054645,0.387745,0.129247,7.16384,0.210672,8.84395e+06,1.5964,0.00900839,-0.165641,177.213,-2.65888,train
422,0.0388179,0.448778,0.100511,4.71053,0.329331,633122,1.12837,0.0126719,-0.129539,89.0451,-2.03298,train
423,0.00366141,0.341822,0.166287,-2.55964,0.411973,267558,-0.296925,0.0160499,-0.00379237,-18.5001,-1.07624,train
424,0.0351541,0.3338,0.156093,4.30701,0.481176,2.28432e+06,1.11528,0.0111488,-0.109349,100.036,-1.71682,train
425,0.0420972,0.254695,0.118005,3.36476,0.302248,2.08769e+06,0.935146,0.0102695,-0.0972949,91.0602,-1.45655,train
426,0.0515137,0.282297,0.148815,7.79422,0.258349,343751,1.63274,0.0169385,-0.136276,96.3923,-2.52944,train
427,0.03168,0.327255,0.143928,-0.694263,0.22806,1.04099e+06,0.320296,0.0117297,-0.0772888,27.3064,-0.772209,test
428,0.0483055,0.504723,0.171364,0.315805,0.191,9.65773e+06,0.771568,0.00872494,-0.166131,88.4325,-1.06597,train
429,0.0412041,0.473851,0.0667859,3.02076,0.432304,4.52289e+06,0.979166,0.00821195,-0.14356,119.237,-1.61195,train
430,0.000729173,0.54168,0.0877352,-0.00355692,0.358071,902066,0.010746,0.010748,-0.00272378,0.999815,-0.323559,train
431,0.0562257,0.266962,0.124645,-0.083792,0.361519,2.52876e+06,0.69846,0.00983528,-0.127996,71.0157,-1.22899,test
432,0.0299987,0.535053,0.194482,-3.30635,0.495504,1.57646e+06,0.0598743,0.0121315,-0.112823,4.93543,-1.19584,test
433,0.00977732,0.545857,0.0963858,0.900285,0.116918,5.98872e+06,0.249794,0.00785183,-0.0358017,31.8134,-0.521579,train
434,0.0475685,0.340662,0.0980502,4.63066,0.195415,5.11569e+06,1.13756,0.00868023,-0.125883,131.051,-1.50977,test
435,0.041326,0.252405,0.188967,7.96227,0.365496,1.08932e+06,1.63044,0.0148409,-0.116515,109.861,-2.81041,test
436,0.00136264,0.573791,0.148331,-3.33285,0.258021,3.10241e+06,-0.400598,0.00976712,0.00129752,-41.0149,-1.19389,train
437,0.0465032,0.332387,0.176583,-2.24382,0.0803781,653081,0.323957,0.0137695,-0.108545,23.5272,-0.896478,train
438,0.0121497,0.281932,0.139695,0.417069,0.0900258,203886,0.198859,0.016001,-0.027636,12.4279,-0.653768,train
439,0.0496908,0.365605,0.110812,-3.06013,0.333387,6.06045e+06,0.265553,0.00805435,-0.130946,32.9702,-1.55477,train
440,0.0532384,0.572917,0.106056,6.39413,0.0973378,4.94188e+06,1.55792,0.00942081,-0.207736,165.371,-3.55269,train
441,0.0582624,0.225453,0.0650179,1.61675,0.099815,3.58324e+06,0.815022,0.00837307,-0.115125,97.3385,-1.25694,train
442,0.0310772,0.371823,0.193797,7.27671,0.401169,5.05457e+06,1.46341,0.011159,-0.113599,131.141,-2.60882,train
443,0.00910281,0.351984,0.139822,-3.6684,0.232968,7.6014e+06,-0.340653,0.00823634,-0.0170806,-41.3598,-1.33688,train
444,0.032449,0.426863,0.107351,6.49847,0.372184,223319,1.28233,0.0161543,-0.110847,79.3802,-3.21598,train
445,0.02701,0.385082,0.163661,-2.65033,0.311845,1.80654e+06,0.0330058,0.0109979,-0.0709489,3.00111,-0.998078,test
446,0.0545066,0.482483,0.0644924,-2.68664,0.461773,418542,0.453307,0.0121,-0.187531,37.4635,-1.80141,train
447,0.0122938,0.534188,0.0970302,6.20446,0.160869,204196,0.917316,0.0154396,-0.050413,59.4134,-3.50433,train
448,0.0539659,0.291481,0.113738,5.34598,0.0558265,7.03616e+06,1.27486,0.0086369,-0.130147,147.606,-1.76522,train
449,0.0591502,0.421825,0.194231,3.44996,0.191495,7.37292e+06,1.29353,0.0102348,-0.186687,126.385,-1.74703,train
450,0.0393588,0.328282,0.133718,1.44892,0.061786,3.08755e+06,0.664382,0.00964537,-0.0979715,68.8809,-1.04347,train
451,0.0546895,0.407084,0.135193,-0.382002,0.120469,992809,0.676373,0.0118711,-0.153106,56.9765,-0.975764,test
452,0.00791005,0.437414,0.15642,3.99167,0.403489,3.36421e+06,0.657119,0.00995733,-0.0348499,65.9935,-1.49531,train
453,0.0492815,0.262555,0.140842,7.8821,0.107316,7.49074e+06,1.5522,0.00940376,-0.121806,165.061,-2.48702,train
454,0.0169266,0.370854,0.122677,5.59425,0.438523,2.74281e+06,0.984563,0.00993089,-0.0591839,99.1414,-2.35357,train
455,0.0551627,0.549649,0.0688632,1.64787,0.114007,428213,0.972576,0.0126744,-0.195595,76.7357,-0.857843,test
456,0.00525053,0.388201,0.181165,4.62011,0.43553,278546,0.723507,0.0169056,-0.0288675,42.7968,-1.71685,train
457,0.0360469,0.47801,0.110966,1.63352,0.144185,322474,0.694626,0.0141201,-0.117174,49.194,-0.845372,train
458,0.0408972,0.488854,0.0988776,3.8758,0.409061,6.52845e+06,1.11112,0.00832162,-0.148902,133.522,-1.71577,train
459,0.0165422,0.381355,0.143761,2.23757,0.0569724,405769,0.489723,0.0141769,-0.0487273,34.5438,-0.937004,test
460,0.0417625,0.35903,0.12492,-0.354978,0.127004,602624,0.484633,0.0126252,-0.107077,38.3862,-0.821133,train
461,0.0553136,0.376629,0.12634,-2.38578,0.108103,2.20658e+06,0.416388,0.00992193,-0.142389,41.9664,-1.01277,train
462,0.0314232,0.530332,0.157408,6.68922,0.363639,6.17387e+06,1.39017,0.00980022,-0.134237,141.851,-2.68766,train
463,0.0436337,0.33631,0.119267,5.52511,0.22428,6.13081e+06,1.22569,0.00886857,-0.119419,138.207,-1.84099,train
464,0.0315609,0.352638,0.0975955,1.58615,0.246493,392206,0.587832,0.0131322,-0.0839673,44.7627,-0.817666,train
465,0.00233815,0.355025,0.16898,6.04485,0.145318,4.72457e+06,0.790242,0.00977414,-0.019959,80.8503,-2.06259,test
466,0.0285094,0.425006,0.0737422,6.09967,0.283407,7.84292e+06,1.10597,0.00770697,-0.0904998,143.503,-4.47474,train
467,0.0437862,0.246794,0.189325,5.40207,0.115917,5.9241e+06,1.23654,0.0103966,-0.104977,118.937,-2.12408,train
468,0.048612,0.295454,0.0601732,-0.986407,0.348846,310036,0.457563,0.0127566,-0.115082,35.8687,-1.41819,test
469,0.0143133,0.372625,0.148435,2.83863,0.0507999,2.32346e+06,0.534809,0.0103508,-0.0434849,51.6684,-1.05983,train
470,0.0545339,0.469064,0.1161,-1.83331,0.102087,432639,0.523772,0.0132773,-0.166432,39.4488,-0.743015,train
471,0.00924641,0.22716,0.164109,-3.03721,0.207549,382482,-0.271161,0.0148383,-0.0115606,-18.2744,-1.11483,train
472,0.000501186,0.210893,0.145262,-3.62794,0.20927,599998,-0.447643,0.0131366,0.00598264,-34.0761,-1.28324,test
473,0.00343506,0.547002,0.1141,-1.84528,0.208497,4.09296e+06,-0.173496,0.00863396,-0.00987999,-20.0946,-0.729007,train
474,0.0457794,0.501585,0.105218,2.87889,0.239886,359109,1.0059,0.014089,-0.158543,71.396,-1.16037,train
475,0.0477585,0.428826,0.0871796,-3.72994,0.0877577,7.41337e+06,0.171175,0.00743933,-0.13264,23.0095,-2.10114,train
476,0.0513909,0.477936,0.151895,1.23097,0.227477,6.2796e+06,0.904821,0.00907934,-0.170927,99.6571,-1.13936,train
477,0.0151124,0.343021,0.0715735,5.12918,0.354822,3.15958e+06,0.822068,0.00866464,-0.0445066,94.8762,-3.4205,train
478,0.0212456,0.364547,0.192868,-1.28335,0.233521,2.58863e+06,0.128877,0.0110712,-0.0536891,11.6408,-0.749683,train
479,0.0536268,0.329861,0.152318,3.82064,0.388285,2.6357e+06,1.24321,0.0109665,-0.150843,113.364,-1.76297,train
480,0.0434828,0.259242,0.0639448,-3.23772,0.310209,1.33167e+06,0.108572,0.00958028,-0.0927913,11.3329,-4.31772,train
481,0.0284444,0.339973,0.163894,7.09958,0.179579,496838,1.26371,0.0153614,-0.0889663,82.2652,-2.40205,train
482,0.0329598,0.586536,0.170144,-0.75738,0.0553413,8.51545e+06,0.443115,0.00867353,-0.126486,51.0882,-0.770951,test
483,0.0265425,0.598758,0.1548,-3.1939,0.378737,3.79536e+06,0.0427615,0.00947566,-0.106121,4.51277,-1.02818,train
484,0.0215318,0.546338,0.140312,-2.1135,0.464359,674494,0.0771884,0.0125663,-0.0828477,6.14251,-0.823517,test
485,0.0146241,0.254406,0.186082,-0.629026,0.3828,1.09843e+06,0.112858,0.0126985,-0.0308683,8.88752,-0.804366,train
486,0.0194441,0.464731,0.186627,4.58862,0.270896,8.42733e+06,0.89465,0.00935832,-0.0765334,95.5994,-1.66787,test
487,0.0221904,0.2696,0.114898,4.74707,0.184474,1.72291e+06,0.840117,0.0104631,-0.0556371,80.2935,-1.59788,train
488,0.0409623,0.305569,0.152694,5.65862,0.113022,6.57532e+06,1.21091,0.00936047,-0.108228,129.365,-1.84821,train
489,0.0131345,0.454496,0.170289,3.95338,0.330833,5.53402e+06,0.719504,0.00948889,-0.0527695,75.826,-1.46796,test
490,0.0233305,0.221055,0.0898613,0.0173778,0.0953115,640388,0.260799,0.0115648,-0.0452181,22.551,-0.607747,train
491,0.0589043,0.398335,0.131749,1.46087,0.0840754,4.42216e+06,0.944468,0.00927438,-0.165239,101.836,-1.20736,train
492,0.0301837,0.394809,0.191562,2.25923,0.272077,332685,0.730777,0.0167356,-0.0937795,43.6661,-1.28694,train
493,0.0207125,0.349726,0.115347,4.45653,0.138598,1.30942e+06,0.795204,0.0109601,-0.0592758,72.5547,-1.572,train
494,0.0597551,0.446803,0.0607096,-1.17157,0.418933,3.07229e+06,0.677994,0.00842922,-0.190441,80.4337,-0.767043,train
495,0.0550336,0.393499,0.0978067,3.80882,0.34112,4.99291e+06,1.20715,0.00879077,-0.16406,137.32,-1.36808,train
496,0.0308729,0.595454,0.0666394,7.72162,0.150743,698496,1.35895,0.0120594,-0.125121,112.688,-9.35302,train
497,0.0121852,0.565788,0.0861395,5.2112,0.304163,1.87246e+06,0.826237,0.0097577,-0.0521307,84.6754,-3.20637,train
498,0.0332343,0.419204,0.101068,5.82401,0.120009,3.7511e+06,1.12033,0.00917817,-0.102925,122.065,-2.63401,test
499,0.0277206,0.529829,0.086061,1.04976,0.43331,4.46356e+06,0.569444,0.00821816,-0.106262,69.291,-0.664029,test
